g_dist_mean_complete,g_dist_ci95_regular,g_dist_ci95_complete,mean_density,g_dist_std_empty,std_density,er_dist_mean_empty,std_centralization,std_global_efficiency,g_dist_ci95_star,g_dist_mean_regular,mean_steps,g_dist_mean_empty,g_dist_std_star,ci95_global_efficiency,ci95_density,g_dist_ci95_empty,g_dist_mean_star,mean_avg_clustering,ci95_centralization,er_dist_mean_star,ci95_largest_cc_frac,g_dist_std_complete,g_dist_std_regular,pairwise_stable_frac,mean_largest_cc_frac,mean_centralization,std_avg_clustering,er_dist_mean_complete,ci95_avg_clustering,std_largest_cc_frac,er_dist_mean_regular,mean_global_efficiency,radius,n,add_prob,delta,er_iters,n_seeds
0.6323596914113695,0.010154008512769395,0.0020421046985025725,0.19999999999999996,0.019482554259965066,5.551115123125783e-17,0.387153778739196,0.11629404780794052,0.01858844709870297,0.01028660423129435,0.12683782473730282,212.9,0.484855114943686,0.05248267464946097,0.0036433356313457822,1.0880185641326535e-17,0.0038185806349531532,0.32533953301954666,0.0,0.022793633370356343,0.3605890033603621,0.0,0.010418901522972309,0.05180616588147651,0.95,1.0,0.28194444444444444,0.0,0.6101655649461106,0.0,0.0,0.17277761442263123,0.48369179894179903,10,10,0.5,0.95,100,100
0.6321734824033283,0.010188366347986314,0.0020792426730688873,0.2002222222222222,0.019366664002480417,0.0022110831935702644,0.3875937559208134,0.11660183383772739,0.017995876525039912,0.010303610622079105,0.126676865869178,213.0,0.48499259681311346,0.052569441949383185,0.003527191798907823,0.0004333723059397718,0.003795866144486162,0.32541666687173404,0.0,0.02285395943219457,0.3604441076871862,0.0,0.010608380985045344,0.05198146095911385,0.95,1.0,0.2816666666666667,0.0,0.6098767101182401,0.0,0.0,0.17262853003349896,0.4843703703703705,7,10,0.5,0.95,100,100
0.6259794185130351,0.010658824385431075,0.002897208285265425,0.20955555555555552,0.017332567767060183,0.012274635093014638,0.40566808767957335,0.12235346488910875,0.017463928727075227,0.0106771543659724,0.12166315265878609,216.5,0.48857708876835426,0.0544752773774102,0.003422930030506744,0.002405828478230869,0.0033971832823437957,0.3295538909840809,0.0,0.023981279118265315,0.35467597730212724,0.0,0.014781674924823596,0.05438175706852589,0.93,1.0,0.27,0.0,0.5977890956733054,0.0,0.0,0.16696717179808085,0.5027925925925927,5,10,0.5,0.95,100,100
0.5958121848920261,0.008764366768910205,0.0038759999159192157,0.26822222222222214,0.01168376615414463,0.023360830358994694,0.486486344606049,0.12196026219861761,0.02202922363819267,0.010752501374452095,0.1250408668835151,241.3,0.5110940133003914,0.05485970089006171,0.004317727833085763,0.0045787227503629605,0.0022900181662123473,0.3404076194426788,0.0,0.02390421139092905,0.3412981373407197,0.0,0.019775509775098038,0.04471615698423574,0.84,1.0,0.24249999999999994,0.0,0.5336387174155413,0.0,0.0,0.1730408947699987,0.591703703703704,3,10,0.5,0.95,100,100
0.7200853535691698,0.019375231003911853,0.011432976287824565,0.20688888888888887,0.054407417132658634,0.01653876852119077,0.3990217694689048,0.2262855933396698,0.0187137486777705,0.02042813753389548,0.40323172407321906,351.5,0.6386347229432424,0.10422519149946674,0.003667894740843018,0.003241598630153391,0.010663853758001092,0.0511254150786162,0.017703968253968253,0.04435197629457528,0.35749370736678815,0.0,0.05833151167257432,0.09885321940771354,0.92,1.0,0.8913888888888889,0.05781872486660616,0.6016623965637606,0.011332470073854807,0.0,0.1708096057251354,0.5926296296296296,10,10,0.5,0.65,100,100
0.7200853535691698,0.019375231003911853,0.011432976287824565,0.20688888888888887,0.054407417132658634,0.01653876852119077,0.3990217694689048,0.2262855933396698,0.0187137486777705,0.02042813753389548,0.40323172407321906,351.5,0.6386347229432424,0.10422519149946674,0.003667894740843018,0.003241598630153391,0.010663853758001092,0.0511254150786162,0.017703968253968253,0.04435197629457528,0.35749370736678815,0.0,0.05833151167257432,0.09885321940771354,0.92,1.0,0.8913888888888889,0.05781872486660616,0.6016623965637606,0.011332470073854807,0.0,0.1708096057251354,0.5926296296296296,7,10,0.5,0.65,100,100
0.7200853535691698,0.019375231003911853,0.011432976287824565,0.20688888888888887,0.054407417132658634,0.01653876852119077,0.3990217694689048,0.2262855933396698,0.0187137486777705,0.02042813753389548,0.40323172407321906,351.5,0.6386347229432424,0.10422519149946674,0.003667894740843018,0.003241598630153391,0.010663853758001092,0.0511254150786162,0.017703968253968253,0.04435197629457528,0.35749370736678815,0.0,0.05833151167257432,0.09885321940771354,0.92,1.0,0.8913888888888889,0.05781872486660616,0.6016623965637606,0.011332470073854807,0.0,0.1708096057251354,0.5926296296296296,5,10,0.5,0.65,100,100
0.727192671590307,0.017141609388656658,0.010166411425158709,0.20666666666666664,0.046759961979422664,0.017069212773041346,0.39831198570783954,0.20101977668200693,0.010834377917350183,0.018202385713803258,0.4156006027768076,373.5,0.6460150579095305,0.09286931486634314,0.0021235380718006357,0.003345565703516104,0.009164952547966843,0.038231974718440954,0.012037301587301588,0.03939987622967336,0.35785026163218303,0.0,0.05186944604672811,0.08745719075845235,0.97,1.0,0.9194444444444444,0.05405948294724113,0.6019807769420499,0.010595658657659261,0.0,0.17135881418635862,0.5963518518518518,3,10,0.5,0.65,100,100
0.7189618426007988,0.01463316929592864,0.00893832246963546,0.204,0.04602410926898037,0.009097550884648312,0.3949384647185856,0.1684650658001882,0.018834881031857393,0.015236225071789303,0.4032174699574935,381.0,0.6351376055448411,0.07773584220300665,0.003691636682244049,0.0017831199733910692,0.009020725416720153,0.05006242662254242,0.018978571428571428,0.033019152896836886,0.3580867105393055,0.0,0.045603686069568675,0.0746590270200441,0.94,1.0,0.8936111111111111,0.04579389515353912,0.6049809408196503,0.008975603450093668,0.0,0.17029415745429616,0.5883518518518519,10,10,0.5,0.35,100,100
0.7189618426007988,0.01463316929592864,0.00893832246963546,0.204,0.04602410926898037,0.009097550884648312,0.3949384647185856,0.1684650658001882,0.018834881031857393,0.015236225071789303,0.4032174699574935,381.0,0.6351376055448411,0.07773584220300665,0.003691636682244049,0.0017831199733910692,0.009020725416720153,0.05006242662254242,0.018978571428571428,0.033019152896836886,0.3580867105393055,0.0,0.045603686069568675,0.0746590270200441,0.94,1.0,0.8936111111111111,0.04579389515353912,0.6049809408196503,0.008975603450093668,0.0,0.17029415745429616,0.5883518518518519,7,10,0.5,0.35,100,100
0.7189618426007988,0.01463316929592864,0.00893832246963546,0.204,0.04602410926898037,0.009097550884648312,0.3949384647185856,0.1684650658001882,0.018834881031857393,0.015236225071789303,0.4032174699574935,381.0,0.6351376055448411,0.07773584220300665,0.003691636682244049,0.0017831199733910692,0.009020725416720153,0.05006242662254242,0.018978571428571428,0.033019152896836886,0.3580867105393055,0.0,0.045603686069568675,0.0746590270200441,0.94,1.0,0.8936111111111111,0.04579389515353912,0.6049809408196503,0.008975603450093668,0.0,0.17029415745429616,0.5883518518518519,5,10,0.5,0.35,100,100
0.71831512370604,0.01463009504316938,0.008945665618817695,0.2042222222222222,0.046033206554855065,0.009266959760885788,0.3953784419002031,0.16831224657070862,0.018935771520397545,0.015225942454374844,0.4031918919994172,379.3,0.6351513908281611,0.07768337986925941,0.0037114112179979187,0.0018163241131336143,0.009022508484751593,0.050984464756779646,0.021006349206349206,0.03298920032785889,0.3579418148661297,0.0,0.04564115111641681,0.07464334205698664,0.93,1.0,0.8933333333333334,0.04926650557354938,0.6046920859917797,0.009656235092415677,0.0,0.17014507306516394,0.588462962962963,3,10,0.5,0.35,100,100
